Arc_Length,0-3m_mean,0-3m_std,0-3m_N,0-3m_p1,0-3m_p5,0-3m_p25,0-3m_p50,0-3m_p75,0-3m_p95,0-3m_p99,4-9m_mean,4-9m_std,4-9m_N,4-9m_p1,4-9m_p5,4-9m_p25,4-9m_p50,4-9m_p75,4-9m_p95,4-9m_p99,10-60m_mean,10-60m_std,10-60m_N,10-60m_p1,10-60m_p5,10-60m_p25,10-60m_p50,10-60m_p75,10-60m_p95,10-60m_p99
-29.3836,0.0014890107692307694,9.451400086434084e-05,26,0.0012565175,0.001324185,0.0014530049999999998,0.001511535,0.0015359375,0.001636405,0.001659215,0.0013866962612612615,0.0001232864394877903,111,0.001061232,0.00124194,0.00134109,0.00138394,0.0014531750000000001,0.00155948,0.0016416940000000002,0.001332782777777777,9.025850823803613e-05,270,0.0011202427,0.001188015,0.00128305,0.00132797,0.0013928,0.0014746149999999999,0.0015493259000000001
-28.3836,0.0014927596153846154,8.862993401693445e-05,26,0.0012693675000000001,0.00134393,0.0014594275,0.001507125,0.001545165,0.0016273874999999998,0.0016540225,0.0013908583423423418,0.00012432061528128832,111,0.001091576,0.00124844,0.0013455950000000002,0.00138707,0.0014574800000000001,0.001563185,0.0016448590000000003,0.0013342413851851853,8.676015956317328e-05,270,0.001126724,0.0011971759999999999,0.0012879325,0.001332765,0.0013937525,0.001460497,0.0015321251
-27.3836,0.001500909230769231,8.464677155913638e-05,26,0.0012875675,0.0013604300000000001,0.00147132,0.001509645,0.0015531775,0.0016317075,0.00165496,0.0013977698198198198,0.0001252187916697808,111,0.0011275480000000001,0.00125334,0.0013502499999999999,0.00139839,0.001461895,0.001566975,0.0016592900000000001,0.001337750285185186,8.528065804554072e-05,270,0.0011357943,0.0011969195,0.001289245,0.00134184,0.0013947200000000001,0.0014548995,0.0015333438
-26.3836,0.0015131169230769227,8.188155673992674e-05,26,0.0013097175000000001,0.0013718925,0.0014871875,0.001521165,0.00156463,0.0016399099999999998,0.0016597175,0.0014064882432432435,0.00012609199155892036,111,0.001158002,0.0012594400000000001,0.0013498249999999998,0.00141052,0.00147088,0.001570975,0.001667669,0.0013434658148148153,8.518439993599935e-05,270,0.001136607,0.0012014085,0.001287285,0.001350385,0.0013987499999999998,0.001462324,0.0015321744
-25.3836,0.0015282865384615384,7.961674758201606e-05,26,0.0013350525,0.0013870325,0.00149555,0.00153213,0.001581435,0.0016487275,0.0016653375,0.0014172205135135132,0.00012842702936403328,111,0.001178284,0.001244555,0.001356615,0.00142283,0.001483455,0.001580225,0.0016664380000000001,0.0013515479629629635,8.688119802029093e-05,270,0.0011390964,0.0011982375000000002,0.00129515,0.00135954,0.00141111,0.001469883,0.00154485
-24.3836,0.0015501773076923076,7.88675640074013e-05,26,0.001369265,0.0014046325,0.0015132275,0.00155878,0.001601,0.0016663124999999998,0.00167914,0.0014329622162162162,0.00013070387728584344,111,0.0011602980000000001,0.001242105,0.0013759900000000001,0.00144267,0.00151104,0.00158518,0.0016762040000000001,0.0013646792592592598,9.046615683933003e-05,270,0.0011380776000000001,0.001204453,0.0013085875000000001,0.001374355,0.00142556,0.0014964264999999999,0.0015515349000000001
-23.3836,0.0015758861538461542,8.031043200366553e-05,26,0.0014057625,0.001424425,0.0015270725000000001,0.00158615,0.0016381,0.0016878625,0.0016978075,0.0014506902702702696,0.0001319306960178126,111,0.001152021,0.0012537450000000001,0.00138607,0.00146914,0.00153103,0.00161509,0.0016835420000000001,0.0013802253333333335,9.533220541113157e-05,270,0.0011359449,0.0012044224999999999,0.0013315800000000002,0.001388565,0.0014417125000000001,0.001521367,0.0015724186
-22.3836,0.0015958319230769229,8.117059176914905e-05,26,0.00143617,0.001450285,0.0015416849999999999,0.001608315,0.0016615925,0.0017029274999999999,0.001710605,0.001462929567567568,0.0001295698828376986,111,0.001162222,0.001259925,0.001393515,0.00147177,0.00154952,0.001621415,0.001686215,0.0013905529629629626,9.897877061685451e-05,270,0.0011351007,0.001197382,0.001337385,0.001406465,0.001452055,0.0015297875,0.0015901731
-21.3836,0.0016098892307692303,8.130935468557489e-05,26,0.0014585099999999999,0.0014796725,0.0015504825,0.001626555,0.001672505,0.001715985,0.0017170475,0.0014701204864864875,0.000124180647576231,111,0.001186817,0.00127592,0.00141305,0.0014726,0.0015602300000000001,0.00162173,0.0016996580000000002,0.001394061518518519,0.00010111488302818971,270,0.0011367729,0.0012013030000000001,0.00134088,0.00140988,0.0014615399999999999,0.0015475274999999999,0.0015881572
-20.3836,0.0016166057692307693,8.05998773782232e-05,26,0.0014613675,0.00147784,0.0015553675,0.001634795,0.0016771325000000002,0.00171653,0.0017239974999999999,0.0014710495225225223,0.00011661087791546462,111,0.001204173,0.00128878,0.001410705,0.00147019,0.0015544299999999999,0.001623565,0.0016786630000000002,0.0013875734074074082,0.00010175569593521982,270,0.001122618,0.001209307,0.0013322199999999998,0.00140075,0.0014553325,0.001530143,0.0015821498
-19.3836,0.0016144819230769234,8.012261962862828e-05,26,0.0014576975,0.0014685549999999999,0.001559585,0.001625765,0.0016613700000000001,0.0017230925,0.0017248674999999999,0.0014629468468468473,0.00010889917810009553,111,0.001222333,0.00128414,0.001395275,0.00147359,0.0015501299999999998,0.001611705,0.001644955,0.0013684684814814815,0.00010085226752887248,270,0.0010969485,0.001181446,0.00131644,0.0013768449999999998,0.00143384,0.001509501,0.0015572663000000002
-18.3836,0.0016010411538461536,7.916518104959644e-05,26,0.0014470475,0.0014588024999999999,0.0015543325,0.001603425,0.00164948,0.0017174175,0.0017189624999999998,0.0014439167567567557,0.0001017156510721045,111,0.001221307,0.001263825,0.0013685350000000002,0.00145375,0.0015199850000000002,0.00159191,0.001608961,0.001335722259259259,9.778952939065381e-05,270,0.0010789421,0.0011508249999999999,0.0012833925000000001,0.0013423150000000002,0.0014033875,0.0014777505,0.00152307
-17.3836,0.0015741369230769227,7.671271079914884e-05,26,0.0014333375,0.0014442775,0.0015269725,0.0015599099999999999,0.00162938,0.0016922250000000001,0.0016957875,0.001412053333333333,9.448641941217444e-05,111,0.00120829,0.0012545199999999999,0.001338675,0.00142266,0.00148628,0.00154571,0.001572513,0.001290197333333333,9.114448677480377e-05,270,0.0010651459,0.0011125015,0.0012419549999999999,0.001297655,0.001352895,0.0014322585,0.0014674806
-16.3836,0.0015364080769230772,7.361661290873034e-05,26,0.0014190650000000002,0.0014269025,0.0014823775,0.00151159,0.0016052025,0.0016486275,0.0016514275,0.0013701923423423427,8.661236382405705e-05,111,0.001190621,0.00122073,0.001304525,0.00138411,0.001442305,0.001489495,0.001519047,0.0012390365925925935,8.195567775920683e-05,270,0.0010423487999999999,0.0010833645,0.0011931825,0.00124494,0.00129024,0.0013687575,0.0013950492
-15.3836,0.001492521923076923,7.15166428753045e-05,26,0.0013975925000000002,0.0014039500000000002,0.0014299425,0.001476135,0.00156287,0.001594515,0.00160212,0.0013247728828828826,7.865796203572421e-05,111,0.0011621230000000001,0.00119302,0.00126601,0.00133325,0.0013924,0.001434675,0.001459811,0.001192076185185184,7.326618152011247e-05,270,0.0010206802,0.001065768,0.0011489,0.00119644,0.0012393475,0.0013135179999999998,0.0013449532000000001
-14.3836,0.001452596153846154,7.147299658343273e-05,26,0.0013649225,0.0013652525,0.001392915,0.00144155,0.00152414,0.0015582299999999999,0.001563185,0.001285154684684684,7.280938796636073e-05,111,0.0011293920000000001,0.001160915,0.001228685,0.00128558,0.001343235,0.001397535,0.001415948,0.0011580795222222219,6.879269028448859e-05,270,0.00099652741,0.0010368285,0.001118875,0.0011619299999999998,0.001201325,0.0012774029999999999,0.0013156797
-13.3836,0.0014209230769230766,7.295149071920221e-05,26,0.0013275,0.0013305225,0.0013614675,0.00140872,0.0014854625,0.0015289425,0.0015359225,0.0012555967567567563,6.959272420384923e-05,111,0.001101928,0.0011419450000000001,0.00120916,0.00124642,0.00130788,0.001368335,0.001382912,0.001139075448148149,6.84506689468719e-05,270,0.00098263793,0.001028211,0.00109685,0.00113828,0.0011756725,0.0012547989999999998,0.0013141667
-12.3836,0.0014001526923076923,7.561631752777662e-05,26,0.0013009800000000002,0.0013122375000000001,0.00133456,0.0013800499999999999,0.0014675,0.001509335,0.0015274675,0.0012379564864864864,6.969109220042725e-05,111,0.001083186,0.00113007,0.00119001,0.00123893,0.0012951199999999999,0.001353985,0.001359511,0.001134641322222223,7.028300470857835e-05,270,0.00098097501,0.001025801,0.0010912275000000001,0.0011303099999999998,0.0011738875,0.001258389,0.0013315451
-11.3836,0.0013909296153846154,8.025951006482755e-05,26,0.001274345,0.001293005,0.0013276325,0.001370225,0.0014513425000000002,0.0015170475,0.00154036,0.0012319545045045043,7.197621236768232e-05,111,0.001078479,0.001124495,0.00118148,0.00122787,0.001290435,0.001352355,0.001375992,0.001141061277777778,7.216312946348326e-05,270,0.0009948267,0.0010262275000000002,0.0010949100000000002,0.0011379699999999999,0.00117955,0.001271391,0.001332375
-10.3836,0.0013892842307692307,8.599942958755372e-05,26,0.0012565674999999998,0.001276545,0.00132966,0.001360225,0.0014545625,0.0015327125,0.0015609025,0.001232383423423423,7.414833739931542e-05,111,0.001082594,0.0011239000000000002,0.001179205,0.00123306,0.00128708,0.001359695,0.001394663,0.001149419488888889,7.216259333333866e-05,270,0.00100163762,0.001029343,0.0011034325,0.0011478349999999998,0.001188685,0.001279969,0.0013233662000000002
-9.3836,0.0013886069230769232,9.147845402144619e-05,26,0.001246155,0.0012634999999999999,0.001318815,0.001363215,0.0014646849999999999,0.001547475,0.0015769675,0.0012320841441441441,7.502627064106483e-05,111,0.001069995,0.001120205,0.0011725400000000001,0.00123505,0.001287055,0.001359575,0.0013977829999999999,0.001150949144444445,7.06222519939995e-05,270,0.00099915476,0.001040813,0.001103785,0.001149645,0.0011969925,0.0012793085,0.0013074921
-8.3836,0.0013838823076923075,9.553032177513871e-05,26,0.0012363775,0.0012583575,0.001304925,0.0013610699999999998,0.001464325,0.0015549225,0.0015824950000000002,0.001226719639639639,7.465761530818758e-05,111,0.001059006,0.001122695,0.001167995,0.00122486,0.001278995,0.001358145,0.0013879650000000001,0.0011428735444444455,6.892553093285058e-05,270,0.0009842919300000002,0.0010329395,0.0010939475,0.001144515,0.00118807,0.0012578534999999997,0.0012911994
-7.3836,0.0013758396153846155,9.708178315135209e-05,26,0.0012282075,0.0012609399999999999,0.0012937175,0.0013549550000000001,0.00144389,0.001551335,0.0015751975,0.001217164171171171,7.438127830538514e-05,111,0.0010531,0.00110925,0.001162215,0.00121584,0.0012713,0.00135651,0.001371281,0.001128024733333334,6.794452142415072e-05,270,0.0009707317900000001,0.0010132075,0.0010832125,0.00112999,0.0011733475,0.001234777,0.0012648712
-6.3836,0.001365053076923077,9.65975838525677e-05,26,0.0012250975,0.0012608525,0.0012839125,0.001345415,0.001421465,0.00153651,0.0015576675000000002,0.0012047390810810811,7.44084551543506e-05,111,0.0010462590000000001,0.001095365,0.00115334,0.00120235,0.00126035,0.001331285,0.001364869,0.0011090945333333334,6.767720851214998e-05,270,0.00096061476,0.00098645665,0.0010655825,0.00110916,0.001156055,0.0012142820000000001,0.0012359137
-5.3836,0.0013520946153846155,9.44786082975726e-05,26,0.00122098,0.001244125,0.001278165,0.0013371300000000002,0.001391605,0.0015264699999999998,0.0015385800000000001,0.0011903779819819821,7.437444574607623e-05,111,0.001035989,0.0010785249999999999,0.00114093,0.00119159,0.0012410049999999999,0.00131728,0.001347416,0.001088853314814814,6.771206274066453e-05,270,0.00093771394,0.0009727808000000001,0.001043945,0.00108767,0.00113528,0.001194763,0.0012212197
-4.3836,0.0013376338461538464,9.214240939228465e-05,26,0.001215045,0.0012271299999999999,0.0012725225,0.001316745,0.0013663775,0.001514285,0.0015246875,0.0011748948558558561,7.397253814661062e-05,111,0.001009509,0.00106142,0.0011219,0.00117248,0.00121904,0.0012860850000000002,0.0013525610000000004,0.0010686972407407405,6.7710247546333e-05,270,0.00091319783,0.0009553686,0.0010219325,0.00106815,0.0011180125,0.0011704635,0.0012258033
-3.3836,0.0013208284615384613,9.080760244350944e-05,26,0.0012051675,0.0012124925,0.00126178,0.001291915,0.0013530625,0.0015088,0.001521125,0.0011580745945945945,7.336255665942184e-05,111,0.000982992,0.00104912,0.00110595,0.00115645,0.00120593,0.0012704349999999999,0.0013213250000000001,0.0010480113296296293,6.731285892850533e-05,270,0.0008904157100000001,0.00093749955,0.001004785,0.00104951,0.001097175,0.0011540865,0.0012138390000000002
-2.3836,0.0013047023076923079,9.094084940477268e-05,26,0.001190195,0.0012054725,0.0012576075000000002,0.001273095,0.00134716,0.0014993825,0.0015172175000000001,0.0011430891801801797,7.361259860342562e-05,111,0.0009606440000000001,0.0010215950000000001,0.001092955,0.00114226,0.001194095,0.00125885,0.0012836860000000002,0.001029438692592593,6.720734012265623e-05,270,0.0008752857,0.00092239295,0.0009826455,0.00103115,0.0010750775,0.001136657,0.0011870636000000001
-1.3836,0.0012862142307692307,9.324056753036531e-05,26,0.00116701,0.001177055,0.0012288450000000001,0.001259615,0.0013451725,0.0014865775,0.00150995,0.0011261512342342344,7.486526077196103e-05,111,0.0009502238,0.0009986685,0.00107963,0.00112263,0.0011721000000000001,0.001244665,0.0012686560000000002,0.0010089965000000002,6.804661705718742e-05,270,0.00085546501,0.0008998789,0.0009631225,0.001007955,0.0010547575,0.001128501,0.0011605323
-0.3836,0.001267051923076923,9.633631996372833e-05,26,0.0011427575,0.001161705,0.0011953200000000001,0.00124209,0.0013213175,0.001470535,0.0014984,0.001109023117117117,7.664975399115344e-05,111,0.0009405058000000001,0.0009770644999999999,0.0010570150000000001,0.00111102,0.0011580050000000001,0.001223465,0.001268582,0.0009895066777777788,7.023493284400651e-05,270,0.00083106619,0.0008773500500000001,0.0009408369999999999,0.000983765,0.0010387925,0.0011165489999999999,0.0011459857
0.6164,0.0012480926923076926,9.912029788323652e-05,26,0.00112786,0.0011461025000000001,0.001175985,0.001222355,0.0012974225,0.0014471,0.00148429,0.0010929073333333335,7.818955957419162e-05,111,0.0009221413999999999,0.0009633115000000001,0.00103491,0.00109367,0.00114707,0.0012182500000000001,0.001261362,0.0009721710851851855,7.267937699398883e-05,270,0.00080917317,0.00086711145,0.00092106175,0.000964893,0.0010175325,0.0011021745,0.0011468549
1.6164,0.0012328557692307693,0.00010070902875802457,26,0.0011131675,0.001124525,0.00115122,0.001206645,0.00127552,0.00141788,0.0014729225,0.001080263837837838,7.862134453008876e-05,111,0.0009227655,0.000956056,0.001029595,0.0010779,0.001139905,0.0012090249999999999,0.0012582420000000001,0.0009594431333333337,7.428550911083373e-05,270,0.00079460506,0.0008500283000000001,0.000904442,0.0009535835,0.001006135,0.0010896215,0.0011437408
2.6164,0.001223816923076923,0.00010166339206496035,26,0.0010951225,0.0011243925,0.0011373375000000002,0.00119875,0.0012628075,0.0013930175,0.00146787,0.00107299018018018,7.75301605604611e-05,111,0.0009250037,0.0009539465,0.0010215950000000001,0.00106325,0.00113114,0.001198545,0.0012542760000000001,0.0009532017592592594,7.49469550760557e-05,270,0.00078932972,0.00084731195,0.0008960134999999999,0.0009442764999999999,0.00100005625,0.0010940999999999998,0.0011572699000000001
3.6164,0.0012243730769230768,0.00010228555083761267,26,0.001089055,0.001122595,0.0011492475000000001,0.00120018,0.0012592674999999998,0.001380825,0.00147539,0.0010729506126126126,7.564324176315738e-05,111,0.0009395487,0.0009628395,0.00101808,0.00106563,0.001123595,0.00119417,0.001252944,0.0009555065925925933,7.432712635993899e-05,270,0.00079985708,0.00085195765,0.0009010415,0.0009473439999999999,0.001005625,0.0010964889999999998,0.0011620046
4.6164,0.0012374942307692308,0.0001034517370824899,26,0.0010994225,0.0011320775000000002,0.0011549375,0.001209065,0.0012731125,0.001382025,0.0014996,0.0010818720810810813,7.458539340418472e-05,111,0.0009536959,0.0009781850000000001,0.00102195,0.00107602,0.0011319799999999999,0.00121009,0.001247048,0.0009670206777777772,7.250874544573997e-05,270,0.00081940028,0.00086314125,0.00091579325,0.000964724,0.0010053,0.0010987005,0.0011603049000000001
5.6164,0.0012632019230769233,0.00010592633829295641,26,0.0011296075,0.001155865,0.0011847300000000002,0.0012286900000000002,0.001307595,0.00139954,0.00154299,0.0011004977027027026,7.552730569217932e-05,111,0.0009666484,0.00099708,0.00104243,0.00109937,0.001149815,0.0012362,0.001266212,0.0009875489999999995,7.086719017621708e-05,270,0.00084720052,0.000881663,0.00093866925,0.000982608,0.00103132,0.0011161559999999999,0.001169241
6.6164,0.0012975534615384612,0.0001098304422987473,26,0.001168915,0.001184385,0.0012240875,0.001267145,0.0013422375,0.0014392525,0.001601615,0.0011260297027027026,7.755146614399717e-05,111,0.0009817864999999999,0.0010159549999999998,0.001072845,0.00112042,0.001181965,0.00125493,0.0013025640000000002,0.001015395492592593,7.082751265051109e-05,270,0.00087451005,0.00090999435,0.000967846,0.00101081,0.00106477,0.001145379,0.0011863149
7.6164,0.0013341519230769228,0.00011558994800653664,26,0.0012043425,0.00121361,0.001262555,0.001302105,0.00137879,0.00149307,0.0016609225,0.0011537136036036035,7.797868586167742e-05,111,0.0010113700000000002,0.0010370050000000001,0.001100715,0.00114817,0.001210105,0.0012833900000000001,0.0013403630000000002,0.0010451999370370369,7.215834485800363e-05,270,0.00090432981,0.00093580315,0.0009944485,0.00103887,0.0010927875000000002,0.0011746354999999998,0.0012118822000000001
8.6164,0.0013695580769230767,0.0001220782954015735,26,0.0012257725000000001,0.0012357375000000002,0.0012901875,0.001340435,0.0014095775,0.001549515,0.0017106475,0.00118090854054054,7.674817414751889e-05,111,0.001034737,0.00106975,0.00112733,0.0011779,0.0012356749999999999,0.00131417,0.0013586440000000002,0.00107448437037037,7.33595950954518e-05,270,0.00092043552,0.00095970275,0.0010259000000000002,0.001075,0.001117785,0.0012052909999999998,0.001243954
9.6164,0.0014010853846153847,0.00012812400178673064,26,0.0012336825,0.001248295,0.0013187,0.00137288,0.0014439125,0.0016008075,0.0017443075,0.0012071690810810808,7.613292285507632e-05,111,0.001051876,0.001102545,0.00116084,0.001201,0.0012621849999999999,0.0013297650000000001,0.0013618990000000002,0.0011022500444444444,7.328094932542285e-05,270,0.00093666502,0.00099339135,0.0010529649999999999,0.0011035799999999998,0.00114716,0.0012295119999999999,0.0012671517
10.6164,0.0014260519230769226,0.00013398770549626502,26,0.0012277525,0.0012552449999999999,0.0013440824999999999,0.00140216,0.0014807475,0.0016375225000000001,0.0017571474999999999,0.00123313072972973,7.927048663691655e-05,111,0.001085474,0.00112816,0.0011783,0.00122616,0.00128996,0.0013683100000000002,0.001389508,0.0011286700703703701,7.429867791700174e-05,270,0.00095960189,0.001017556,0.00107922,0.0011240999999999998,0.0011820774999999999,0.001246083,0.0012899216
11.6164,0.001445678076923077,0.00014073966127625096,26,0.0012128325,0.001257915,0.0013440549999999998,0.00142641,0.00151644,0.001661045,0.0017539125,0.0012593689189189191,8.85657550210972e-05,111,0.001088935,0.0011328599999999999,0.00120023,0.00125913,0.00131989,0.00140435,0.001452759,0.001154789074074074,7.977420058332298e-05,270,0.00098447354,0.0010402945000000002,0.0010966650000000001,0.0011481500000000001,0.001212065,0.0012812115,0.0013516895
12.6164,0.001463295,0.00014576007673570976,26,0.0012022500000000002,0.00126635,0.0013472900000000001,0.0014701,0.0015598025,0.0016673775,0.0017439125,0.0012875098648648645,0.00010212904501048808,111,0.00104798,0.001116115,0.001225595,0.00129181,0.0013535449999999998,0.001435925,0.001506462,0.0011826660333333345,9.138768311486497e-05,270,0.00100776316,0.001052039,0.001117425,0.0011791100000000001,0.001231755,0.001335024,0.0014128279
13.6164,0.0014826496153846158,0.0001462635312709431,26,0.001211855,0.0012914950000000001,0.001359875,0.00149636,0.0015971875,0.001666565,0.0017407425,0.001319689783783784,0.00011319873849645669,111,0.0010152219999999999,0.00112408,0.0012530800000000002,0.00133164,0.001402975,0.001475645,0.001542511,0.001216626651851852,0.00010459344206892848,270,0.0010131588,0.001066303,0.001144525,0.0012118,0.001276335,0.0013892994999999998,0.0015031846
14.6164,0.0015051780769230769,0.00014183646278779602,26,0.0012406074999999999,0.00130868,0.0013835025000000002,0.001522575,0.00162963,0.0016744675,0.001750385,0.001354441981981982,0.00011917939335167132,111,0.001021519,0.001143815,0.001276685,0.00135889,0.0014417100000000001,0.0015196150000000002,0.0015502130000000002,0.0012565573592592597,0.0001145207225657197,270,0.0010147257,0.0010819129999999999,0.0011757725,0.001259345,0.001318135,0.0014402829999999999,0.0015618517
15.6164,0.0015276565384615384,0.00013697576795746927,26,0.0012857699999999999,0.001321535,0.00140626,0.001544655,0.0016263025,0.0017096225,0.0017746225000000002,0.001387851891891892,0.00012195683629512321,111,0.001063361,0.001168505,0.001327485,0.00140272,0.00148257,0.001558785,0.001583666,0.0012978327333333336,0.00011996284283179314,270,0.0010207208,0.001096505,0.001219825,0.0012998200000000001,0.001370655,0.001494583,0.0015751835000000001
16.6164,0.0015464034615384615,0.00013571455270360087,26,0.001309475,0.00135045,0.0014512025,0.0015625600000000002,0.0016340475,0.001755495,0.0018069675,0.0014133480180180177,0.00012468681098015008,111,0.001119227,0.00118179,0.00135115,0.00142953,0.001499945,0.00158686,0.0016228640000000001,0.0013337931296296297,0.00012245102243008314,270,0.0010362321999999998,0.0011261765,0.0012543625,0.00134126,0.0014133775000000001,0.0015364685,0.0015888911
17.6164,0.0015564338461538463,0.00013808597310594362,26,0.0012892975000000002,0.001360955,0.0014581449999999999,0.001558015,0.0016479749999999999,0.0017908075000000001,0.0018303425000000002,0.0014265991891891892,0.00012969793608882233,111,0.001123847,0.001175715,0.0013556549999999999,0.00144859,0.001520705,0.00160921,0.0016456700000000001,0.0013581747481481495,0.00012295428470482283,270,0.0010710683,0.001147217,0.0012785000000000001,0.001369045,0.0014375675,0.0015564875,0.0015960492
18.6164,0.001554275769230769,0.00014382257133490774,26,0.001257645,0.001343405,0.00146856,0.0015390199999999999,0.0016669725,0.0017966825,0.00184246,0.0014256243243243245,0.00013757793643552548,111,0.001089441,0.0011708,0.0013484999999999999,0.00144985,0.001518735,0.00162264,0.0016631750000000002,0.0013672694444444454,0.00012340458623629502,270,0.0010681813,0.00114391,0.001291635,0.001381025,0.0014443375,0.0015476715,0.0016059716
19.6164,0.001539063076923077,0.00015086364751706703,26,0.00122584,0.001321005,0.001460925,0.001542075,0.001643045,0.0017790775,0.0018430525,0.0014096773873873876,0.00014678341435729353,111,0.001032189,0.001123465,0.0013381349999999998,0.0014247,0.001512715,0.001620085,0.001672744,0.0013596465814814812,0.00012659001131736173,270,0.0010314024,0.0011580135,0.001278585,0.0013804949999999998,0.0014417800000000001,0.001543393,0.0016023615
20.6164,0.0015139969230769231,0.00015922346575223718,26,0.00118947,0.0012829025,0.0014170575,0.001492395,0.00160468,0.00174874,0.0018233350000000001,0.00138252690990991,0.0001561671059101028,111,0.0009880745,0.00106872,0.0013102349999999999,0.00138727,0.00148786,0.00161987,0.0016860660000000002,0.001337666333333333,0.0001330231001406373,270,0.0009669717399999999,0.0011225975,0.0012502975,0.001349175,0.0014273250000000001,0.0015404239999999999,0.001583138
21.6164,0.0014860038461538458,0.00016650743161977904,26,0.0011496525,0.0012265450000000001,0.0013792975,0.0014433649999999998,0.0015936700000000002,0.0017192800000000001,0.0017853525,0.0013486838648648649,0.00016412495798199208,111,0.0009684011,0.00103702,0.001257555,0.00134403,0.00145474,0.001609025,0.0016603490000000002,0.0013063574740740736,0.00014132368900379225,270,0.00093303911,0.001061995,0.0012170975,0.001311155,0.0014085125,0.0015219454999999998,0.0015837665
22.6164,0.0014600811538461535,0.00017031408593130338,26,0.001124775,0.0011759575,0.0013560375,0.001421265,0.0015963125,0.0017205,0.0017494350000000001,0.001313201342342342,0.0001690749934448399,111,0.0009609423999999999,0.00101517,0.001208575,0.00129239,0.001430245,0.001592,0.001658201,0.0012712334296296286,0.00014839724135859385,270,0.0009363149400000001,0.0010318425,0.0011672125,0.00127702,0.0013713125000000001,0.0015108665,0.0015689466
23.6164,0.001439609230769231,0.00017338478512079605,26,0.00111051,0.00113445,0.00133609,0.001409175,0.0015836525,0.00167906,0.001732215,0.001280803459459459,0.0001710601274049983,111,0.0009611675,0.00100227,0.00117263,0.00125129,0.001410335,0.00157409,0.001675861,0.001237217337037038,0.00015194759306294404,270,0.0009213761,0.0009918892,0.001126195,0.0012347,0.0013486824999999999,0.0015035944999999998,0.0015528383
24.6164,0.001423493846153846,0.00017595334722765403,26,0.0010836499999999998,0.001128705,0.00132293,0.001399675,0.0015883825,0.0016389575,0.00171461,0.0012530651351351345,0.00016994014724251843,111,0.0009671668,0.0009907219999999999,0.00113966,0.00121324,0.00137039,0.001544055,0.001674345,0.0012069057703703707,0.00015144498746063137,270,0.00090566443,0.00096588035,0.001084225,0.0012012199999999998,0.0013279325,0.001453579,0.0015402854
25.6164,0.001413235,0.000180138105535725,26,0.0010629225,0.0011232949999999998,0.0013062325,0.00140152,0.001568615,0.0016393900000000001,0.0017132025,0.0012326583243243245,0.00016903814566670837,111,0.000933212,0.0009955559999999999,0.001107235,0.0011956,0.001352875,0.0015118599999999999,0.0016837910000000005,0.001183579711111112,0.00015008900554340802,270,0.00089555618,0.00096335035,0.001060505,0.00116979,0.00130029,0.0014352924999999999,0.0015207246
26.6164,0.001405166923076923,0.000183407918013792,26,0.00104986,0.001126375,0.0012854025,0.00141113,0.0015395925,0.00166401,0.001710335,0.0012146726486486484,0.0001675171839401259,111,0.0009100713,0.000996018,0.00109012,0.00117115,0.00132683,0.0014929000000000001,0.0016899870000000004,0.0011625515555555557,0.0001464717169270957,270,0.0008918558799999999,0.0009603565500000001,0.00104428,0.001148815,0.001265815,0.0014137169999999999,0.0014921108000000003
27.6164,0.0013958453846153844,0.00018705760415937693,26,0.0010345025,0.0011266125,0.0012596875,0.00141033,0.0015093325,0.0016938724999999999,0.00170886,0.0011965827387387389,0.00016286567085533522,111,0.0009106188,0.0009961325,0.001071345,0.00116542,0.001294135,0.00147881,0.0016778690000000005,0.0011415335888888877,0.00014035036476503347,270,0.00087920423,0.00094992975,0.0010297375,0.001119975,0.0012358675,0.001382367,0.001488939
28.6164,0.0013827290384615387,0.00019415108115083585,26,0.00102117875,0.0011417325,0.0012320475,0.0013642049999999998,0.001490455,0.0017164724999999999,0.0017577025,0.0011790682702702705,0.00015441466130572789,111,0.0009239148,0.0009856595,0.001075815,0.00114277,0.0012761299999999999,0.001439675,0.0016199880000000002,0.001119823848148148,0.00013339711929884258,270,0.00086703763,0.0009398730499999999,0.0010195125,0.001103335,0.0012081125,0.0013353895,0.0014804501
